{
  "users": [
    {
      "id": 1,
      "username": "testuser",
      "password": "testpass",
      "firstName": "first",
      "lastName": "last"
    },
    {
      "firstName": "first1",
      "lastName": "last1",
      "username": "newuser",
      "password": "newpass",
      "id": 2
    },
    {
      "username": "newuser1",
      "password": "newpass2",
      "firstName": "testnamef",
      "lastName": "lastF",
      "id": 3
    }
  ],
  "projects": [
    {
      "id": 1,
      "name": "project redstone",
      "date": "10/10/2016",
      "description": "code name for new windows releases"
    },
    {
      "name": "project red stone 2",
      "date": "12/02/1998",
      "description": "test submit",
      "id": 2
    }
  ],
  "customers": [
    {
      "id": 1,
      "name": "John Donahoe",
      "contact": "9191919191",
      "email": "john.d@domain.com",
      "address": "some where in world",
      "projId": 1
    },
    {
      "id": 2,
      "name": "John Statham",
      "contact": "8989898989",
      "email": "john.statham@domain.com",
      "address": "some where in world",
      "projId": 1
    }
  ]
}